{"$schema":"http://schema.management.azure.com/schemas/2015-01-01/deploymentTemplate.json#","contentVersion":"1.0.0.0","parameters":{"bing-news-search-connection nhittq20406c":{"type":"string"},"bing_lake_db":{"type":"string"}},"variables":{},"resources":[{"name":"news-ingestion-pipeline","type":"pipelines","apiVersion":"2018-06-01","properties":{"activities":[{"name":"Copy latest news","type":"Copy","dependsOn":[],"policy":{"timeout":"0.12:00:00","retry":0,"retryIntervalInSeconds":30,"secureOutput":false,"secureInput":false},"typeProperties":{"source":{"type":"RestSource","httpRequestTimeout":"00:01:40","requestInterval":"00.00:00:00.010","requestMethod":"GET","additionalHeaders":{"Ocp-Apim-Subscription-Key":"9d257698738e41ce98839ec430efe600"},"paginationRules":{"supportRFC5988":"true"},"datasetSettings":{"annotations":[],"type":"RestResource","typeProperties":{"relativeUrl":{"value":"?q=@{pipeline().parameters.search_term}&count=100&freshness=Day&mkt=en-US","type":"Expression"}},"schema":[],"externalReferences":{"connection":"[parameters('bing-news-search-connection nhittq20406c')]"}}},"sink":{"type":"JsonSink","storeSettings":{"type":"LakehouseWriteSettings"},"formatSettings":{"type":"JsonWriteSettings"},"datasetSettings":{"annotations":[],"linkedService":{"name":"bing_lake_db","properties":{"annotations":[],"type":"Lakehouse","typeProperties":{"workspaceId":"55eb2a03-4159-4b3a-a53d-480816814ec7","artifactId":"[parameters('bing_lake_db')]","rootFolder":"Files"}}},"type":"Json","typeProperties":{"location":{"type":"LakehouseLocation","fileName":"bing-latest-news.json"}},"schema":{}}},"enableStaging":false}},{"name":"Data Transformation","type":"TridentNotebook","dependsOn":[{"activity":"Copy latest news","dependencyConditions":["Succeeded"]}],"policy":{"timeout":"0.12:00:00","retry":0,"retryIntervalInSeconds":30,"secureOutput":false,"secureInput":false},"typeProperties":{"notebookId":"59ec20c5-de8d-4684-a4f9-6a5a67eeae08","workspaceId":"55eb2a03-4159-4b3a-a53d-480816814ec7"}},{"name":"Sentiment Analysis","type":"TridentNotebook","dependsOn":[{"activity":"Data Transformation","dependencyConditions":["Succeeded"]}],"policy":{"timeout":"0.12:00:00","retry":0,"retryIntervalInSeconds":30,"secureOutput":false,"secureInput":false},"typeProperties":{"notebookId":"2865d8e9-1162-4a9f-899a-109e70da57e2","workspaceId":"55eb2a03-4159-4b3a-a53d-480816814ec7"}}],"parameters":{"search_term":{"type":"string","defaultValue":"latest news"}},"lastModifiedByObjectId":"65054431-5750-4568-ae46-7df16dec23e3","lastPublishTime":"2024-05-12T09:19:24Z"},"dependsOn":[]}]}